word,pos,meaning,example
academic,adj.,学术的,She has an academic background.
accommodation,n.,住宿,We booked accommodation near campus.
adequate,adj.,足够的,The room has adequate lighting.
adjacent,adj.,邻近的,The park is adjacent to the school.
adjustment,n.,调整,Minor adjustments were made.
administration,n.,管理；行政,The administration approved the plan.
admission,n.,准入；承认,University admission is competitive.
adult,n.,成年人,Adults pay full price.
advocate,v.,提倡,He advocates healthy eating.
affect,v.,影响,Pollution affects air quality.
aggregate,n.,总计,The aggregate result was positive.
aid,n.,援助,Foreign aid helped the region.
alternative,n.,替代方案,Solar power is an alternative.
ambiguous,adj.,模糊的,The instructions were ambiguous.
amend,v.,修正,They amended the law.
analogy,n.,类比,He used an analogy to explain.
annual,adj.,每年的,The annual festival draws crowds.
anticipate,v.,预期,We anticipate a busy season.
anxiety,n.,焦虑,Test anxiety is common.
apparent,adj.,明显的,The benefits are apparent.
appendix,n.,附录,See the appendix for details.
appetite,n.,食欲,He lost his appetite.
appliance,n.,电器,Kitchen appliances save time.
applicable,adj.,适用的,The rule is applicable here.
appoint,v.,任命,She was appointed director.
appreciate,v.,感激,I appreciate your patience.
approach,n.,方法,Try a different approach.
appropriate,adj.,适当的,Choose appropriate words.
approximate,adj.,大约的,The approximate time is two hours.
arbitrary,adj.,任意的,The choice seemed arbitrary.
architect,n.,建筑师,The architect designed the building.
archive,n.,档案,Documents are stored in the archive.
arena,n.,竞技场；舞台,The debate arena was crowded.
argue,v.,争论,They argue about politics.
arise,v.,出现,Problems may arise later.
arithmetic,n.,算术,Children learn basic arithmetic.
arrange,v.,安排,She arranged the meeting.
array,n.,阵列；一系列,A wide array of options exists.
articulate,v.,清楚表达,He articulates well in public.
artificial,adj.,人造的,Artificial intelligence is growing.
aspect,n.,方面,Every aspect was considered.
aspire,v.,渴望,She aspires to be a doctor.
assemble,v.,集合,People assembled in the square.
assert,v.,断言,He asserted his innocence.
assess,v.,评估,Teachers assess performance.
asset,n.,资产,Education is a valuable asset.
assign,v.,分配,The manager assigned tasks.
assist,v.,协助,Nurses assist doctors.
associate,v.,联想；关联,People associate red with danger.
assume,v.,假设,Don't assume the worst.
assure,v.,保证,I assure you of our support.
atmosphere,n.,氛围,The café has a relaxed atmosphere.
attach,v.,附上,Attach the photo to the form.
attain,v.,达到,He attained a high score.
attitude,n.,态度,Attitude affects success.
attribute,v.,归因,She attributes success to practice.
audience,n.,观众,The audience applauded loudly.
audit,n.,审计,The company passed the audit.
authentic,adj.,真实的,We serve authentic Italian food.
authority,n.,权威,Respect local authority.
automatic,adj.,自动的,The door is automatic.
autonomous,adj.,自主的,The region is autonomous.
available,adj.,可用的,Seats are still available.
aware,adj.,意识到的,Be aware of the risks.
behalf,n.,代表,On behalf of the team, thank you.
benefit,n.,利益,Exercise has clear benefits.
bias,n.,偏见,Avoid bias in judgment.
bond,n.,纽带；债券,Family bonds are strong.
brief,adj.,简短的,Keep your answer brief.
bulk,n.,大部分,The bulk of the work is done.
bureaucracy,n.,官僚体制,Bureaucracy slows progress.
campaign,n.,运动；战役,The health campaign succeeded.
candidate,n.,候选人,Three candidates applied.
capable,adj.,有能力的,She is capable of leading.
capacity,n.,容量,The stadium has large capacity.
category,n.,类别,Books are sorted by category.
cease,v.,停止,Fighting ceased at midnight.
challenge,n.,挑战,Learning a language is a challenge.
channel,n.,渠道,Use the proper channel.
chapter,n.,章节,Read chapter three tonight.
chart,n.,图表,The chart shows growth.
chemical,n.,化学品,Handle chemicals carefully.
circumstance,n.,情况,Under normal circumstances, yes.
cite,v.,引用,Cite reliable sources.
civil,adj.,公民的,Civil society plays a role.
clarify,v.,澄清,Could you clarify that point?
